<?xml version="1.0" encoding="UTF-8"?>
<project default="selectQueryModule" name="it.univaq.disim.mde.acceleo.refactoredwebapplication">
    <property name="ECLIPSE_HOME" value="../../../eclipse/modeling-2022-09/Eclipse.app/Contents/Eclipse"/>
    <property name="ECLIPSE_WORKSPACE" value="../.."/>

    <!-- The classpath with only the dependencies used by the project -->
    <path id="it.univaq.disim.mde.acceleo.refactoredwebapplication.libraryclasspath">
        <pathelement location="${ECLIPSE_WORKSPACE}/it.univaq.disim.mde.acceleo.refactoredwebapplication/bin"/>
    </path>

    <path id="it.univaq.disim.mde.acceleo.refactoredwebapplication.classpath">
        <path refid="it.univaq.disim.mde.acceleo.refactoredwebapplication.libraryclasspath"/>
    </path>

    <!-- The classpath with only the jars available in the plugin folder of Eclipse -->
    <path id="it.univaq.disim.mde.acceleo.refactoredwebapplication.libraryclasspath.alljars">
        <pathelement location="../it.univaq.disim.mde.acceleo.refactoredwebapplication/bin"/>
        <fileset dir="${ECLIPSE_HOME}/plugins/" includes="*.jar"/>
    </path>

    <path id="it.univaq.disim.mde.acceleo.refactoredwebapplication.classpath.alljars">
        <path refid="it.univaq.disim.mde.acceleo.refactoredwebapplication.libraryclasspath.alljars"/>
    </path>

    <!-- The default task with the jars used by this project -->
    <target name="selectQueryModule">
        <java classname="it.univaq.disim.mde.acceleo.refactoredwebapplication.main.SelectQueryModule" classpathref="it.univaq.disim.mde.acceleo.refactoredwebapplication.classpath">
            <arg value="${model}"/>
            <arg value="${target}"/>
        </java>
    </target>

    <!--
        In case of problem you can also try with all the jar available in your Eclipse
        Keep in mind that having two versions of the same jar can create problems
    -->
    <target name="selectQueryModule.alljars">
        <java classname="it.univaq.disim.mde.acceleo.refactoredwebapplication.main.SelectQueryModule" classpathref="it.univaq.disim.mde.acceleo.refactoredwebapplication.classpath">
            <arg value="${model}"/>
            <arg value="${target}"/>
        </java>
    </target>
</project>
